start,text
4.08,hello everyone welcome back to Simply
6.2,learns YouTube channel today I'm talking
8.679,about something that could seriously
10.32,boost your career the top 10 digital
12.92,marketing certifications so if you're
14.799,interested in digital marketing you
16.96,probably already know how powerful this
19.0,field is it's all about helping Brands
21.199,Reach people online creating content
23.519,that stands out and using smart
25.599,strategies to make an impact and here's
27.76,the best part companies need skill dis
30.279,marketers more than ever right now why
33.239,because everything is going digital and
35.32,that's great news for people like you
37.36,who want to career in this space so
39.399,there are so many roles you can go for
41.239,from social media manager to content
43.559,creator to SEO Expert Plus digital
46.84,marketing carriers offer excellent
48.8,salaries and there's plenty of room to
50.719,grow but here's something important to
53.039,keep in mind if you really want to stand
55.32,out and learn the best jobs getting
57.559,certified is key certifications show
60.239,that you are serious about your skills
62.079,you know the latest tools and you're
63.879,ready to hit the ground brunning it's
65.519,like having a batch that says I'm ready
67.6,for this so in this video I'm going to
69.92,share the top 10 certifications that can
72.08,help you build and level up your digital
74.159,marketing skills so if you're excited to
76.68,Kickstart or grow your digital marketing
78.6,Journey stick around and let's dive into
81.2,these certifications so first on our
83.56,list is a professional certification in
85.88,digital marketing by SP J School of
88.6,Global Management so it's recognized as
91.479,a top ranked institution SBJ in
94.52,collaboration with simply learn this
96.68,course offers a professional certificate
98.6,that makes you job ready in just 8
100.759,months so this program covers essential
103.2,tools like SEO sem social media mobile
106.439,marketing marketing analytics and even
108.52,the latest generative AI tools for
110.52,marketing so here are the key features
112.759,it has got certificate from spj school
114.92,of Global Management as well as simply
116.96,learn is a collaboration there master
118.92,classes by top faculty and meta
120.799,blueprint trainers they provide Hands-On
122.92,learning with 35 Plus digital marketing
124.96,Tools 10 plus case studies and 20 plus
127.68,industry projects also you get a free
129.8,meta certified digital marketing
131.56,associate exam voucher you can learn to
133.84,leverage ni tools to streamline sales
136.08,and marketing strategies also you have
138.28,access to live online classes delivered
140.599,by experienced digital marketing experts
142.92,you can work on five Capstone projects
144.959,and solve 15 plus schools and projects
147.239,that replicate real world scenarios also
150.08,you can work on case studies on Renown
151.879,Brands like Adidas KFC Nike int and more
155.4,for practical insights also you have a
157.879,comprehensive coverage of 20 plus
159.959,essential skills including web creation
162.599,campaign management SEO content strategy
166.0,Automation and mobile optimization also
168.76,simply learns job assess program for
170.84,personalized career guidance and
172.4,networking opportunities with top
174.56,employers so this program isn't just
177.0,about learning theory it's about real
178.92,world application now next up is a
181.36,Google digital marketing and e-commerce
183.44,professional certificate from corera so
185.92,this program puts you on the fast track
187.72,to a successful career with training
189.599,directly from Google experts you'll gain
192.04,skills in digital marketing fundamentals
194.36,customer engagement through search and
196.08,email and measuring performance to
197.92,analytics and the best part is designed
200.519,for beginners so no degree or prayer
202.519,experience is needed now the key
204.28,features of this course is that it has
206.4,professional Level Training from Google
208.439,experts also you can can learn at your
210.519,own pace with flexible scheduling and
212.84,self-paced modules you can earn a
215.159,certificate recognized by top employers
217.48,worldwide you can Master essential
219.799,topics such as building e-commerce tools
222.2,analyzing performance metrics and gr
224.439,Customer Loyalty you also get hands- on
226.799,practice by working on portfolio ready
229.04,projects to Showcase your skills you'll
231.4,be having access to tools and resources
233.519,that teach you how to attract and engage
235.64,customers effectively also by doing this
238.0,certification you can qualify for rool
240.159,such as marketing coordinator e-commerce
242.599,associate FID search specialist and more
245.36,so this is a great option for those new
247.319,traditional marketing and wanting a
249.2,well-rounded Foundation With The
250.799,credibility of Google behind them so the
252.92,projects you complete during this
254.319,program will be valuable additions to
256.16,your professional portfolio now third on
258.6,our list is a search engine optimization
261.0,SEO course from Simply learn ranked
263.479,among the top SEO certifications by S
265.919,rush so this gos aligned with omcp
268.88,standards help your master SEO
271.08,strategies to drive sales and boost
273.199,website conversions so you will attend
275.6,live interactive sessions led by
277.4,experienced SEO experts and gain
279.84,hands-on experience with industry tools
281.96,like semrush HRS M and more so the key
285.72,features of this schools include access
287.72,to comprehensive SEO content as per omcp
291.08,standards you'll get a free onee access
293.84,to the SEO ranking platform to enhance
296.0,your SEO learning also practical
298.0,learning through case studies assess
299.84,ments and Hands-On projects that provide
301.68,Real World Experience so it covers
304.0,essential SEO skills including on page
306.16,and off page optimization technical SEO
309.28,competitor analysis and Link building
311.84,also user experience and voice search
313.919,optimization strategies to stay ahead of
316.08,Industry Trends it also teaches
318.12,conversion rate optimization to ensure
320.16,your SEO efforts translate to tangible
322.319,business results you can also Master
324.44,tools like semrush ahrs MOS and Google
327.44,Keyword Planner for datadriven SEO so if
330.4,you are mainly aiming to become an exu
332.199,expert or boost your skills in
333.96,optimizing websites this course offers
336.319,everything you need from technical seu
338.52,to voice search optimization and
340.479,conversion strategies so the combination
342.68,of expert Le trading and practical
344.72,projects will equip you with the needed
346.919,skills to excel in this digital space
349.639,now next is the digital marketing
351.24,certification course by HubSpot Academy
354.16,so this free course is perfect for small
356.479,business owners marketing managers and
359.12,anyone looking to break into the digital
360.84,marketing space so the course focuses on
363.12,a human- centered inbound first approach
365.52,to create a solid digital marketing
367.16,strategy and compelling content that
369.199,engages users and ranks well on search
371.36,engines so this course is completely
373.36,free and provides unlimited access once
375.4,you create a HubSpot Academy account it
377.56,also gives you personalized training
379.12,recommendations tailored to your
380.599,learning goals it covers key digital
382.599,marketing aspects like SEO social media
385.16,and email marketing it also has a
387.56,globally recognized certification which
389.319,is available in five languages also
391.56,learn to optimize your website and build
393.639,advertising strategies that expand your
395.72,audience reach so this course not only
398.0,helps you build skills but also provides
400.28,a globally recognized certification that
402.52,sets you apart in the job market now
405.319,fifth on our list is a technical SEO
407.36,course by Bastian Grim on SES Academy so
410.479,this free course is tailored for those
412.319,new to technical SEO or professionals
414.36,looking to deepen their knowledge so
416.479,whether you're an SEO consultant or
418.28,working agency site basan Grim's indepth
421.28,modules will help you grasp complex
423.16,technical Su Concepts including crawling
425.72,indexation and HTTP response gos the
428.919,best features are that it's developed by
430.72,industry experts at s rush it covers
433.0,essential topics such as International
434.879,SEO and potential issues to avoid it is
437.28,engaging up-to-date content that aligns
439.44,with the Ever Changing SEO landscape and
441.8,also it has practical applications that
443.759,strengthen your understanding and
445.24,implementation so this course equips you
447.479,with a technical Kno how to tackle
449.08,complex SEO challenges and ensures your
451.24,skills remain sharp in this evolving
453.039,field now next we have the digal
455.319,marketing specialist course by simply
457.199,learn so this comprehensive program
459.68,covers 35 Plus digital marketing tools
462.319,and includes over 20 projects and 10
464.52,case studies providing you with a
466.4,practical experience to master domains
468.28,like SEO sem social media and email
471.08,marketing so some of the key features of
472.84,this goes it is industry recognized
474.96,digital marketing specialist certificate
476.879,it has classes led by digital marketing
478.879,experts you can learn to use generative
481.039,AI tools for marketing efficiency we
483.639,also get free meta certified digital
485.479,marketing associate exam watch show
487.199,worth $99 also you'll be doing five
489.639,Capstone problem statements and 15 plus
491.8,schol and projects you'll also be
493.8,working on real world case studies from
495.56,Brands like Adidas KFC Nike and Intel Al
499.039,we have simply learned job assess
500.52,program for career support so with a
502.8,combination of Advanced Training and
504.72,practical exposure this program is
506.919,perfect for those looking to become
508.36,experts in the digal marketing field so
510.72,seventh on our list is a post-judgment
512.159,program in digital marketing by puru
514.279,University in partnership with simply
516.479,Lear so rated the number one digital
518.519,marketing course by search engine
520.039,Journal this program is designed to make
522.36,you a certified digital marketer with
524.44,applied learning through DM simulation
526.279,35 Plus tools Howard case studies and
528.92,Capstone projects so this program is
531.0,designed to take you from beginner to
532.56,Advanced Digital marketer with a mix of
534.839,live interactive classes and Hands-On
536.76,projects so you don't just learn
538.24,Concepts you actually create and promote
540.32,your own website through the course
541.72,which is a rare opportunity to gain Real
543.48,World Experience now one of the biggest
545.399,highlights of this course is its focus
546.959,on applied learning we'll work with
548.839,tools like stens digital marketing
550.44,simulation Howard business case studies
552.959,and more than 35 industry standard
554.959,digital marketing tools and by the end
556.8,of this course you'll have completed 10
558.72,plus brand case studies Capstone
560.48,projects and 20 plus other assignments
562.92,covering everything from seu and content
565.24,marketing to social media and analytics
567.72,and here's another major Plus this
570.0,program is an official partn of meta so
572.12,you'll have Master sessions with meta
573.68,blueprint trainers and receive a $99
576.64,meta exam watchop you'll even get
578.519,Hands-On practice with meta business C
580.519,chat B plus if you're interested in AI
583.279,the C offers training on tools like chat
585.279,jity stable diffusion and blue v to
587.56,bring generative AI power into your
589.44,digital marketing so if you're serious
591.399,about building a strong foundation in
592.959,digital marketing and one a program that
595.0,includes both traditional strategies and
596.88,the latest in gen then the post-graduate
599.399,program in digital marketing from Purdue
601.24,University is definitely worth a closer
603.56,look now eighth on our list is a lead
605.519,generation course by Alex hormos so this
608.519,course is ideal for those looking to
610.32,master lead generation and scaling
612.56,strategies from a proven expert in this
614.519,field so the program covers everything
616.64,from the basics of lead magnet creation
618.72,to Advanced content methods and cooled
620.839,Outreach techniques so some of the key
623.2,features of this program includes
625.279,comprehensive framework for attracting
627.12,and converting leads modules on creating
629.72,the first five client Frameworks
631.32,effective code Outreach a detailed
633.519,strategies for paid advertising they
635.68,have got playbooks for leveraging
637.279,referers Affiliates and agencies and
639.88,they have got Hands-On exercises that
641.56,guide you through building successful
643.16,lead gen strategies so if you're an
645.16,entrepreneur marketer or business owner
647.959,this course offers essential tools to
649.88,boost your lead generation efforts and
651.56,scale your business effectively now
653.56,ninth on our list is a meta social media
655.72,marketing professional certificate
657.76,designed by meta experts this program is
660.36,perfect for those looking to build job
662.12,ready skills in social media marketing
664.16,so in under five months you'll gain the
666.279,expertise needed to establish an online
668.48,presence create engaging social media
670.72,posts and launch ad campaigns on
672.88,Facebook and Instagram so some of the
674.92,key features of this courses are it
676.88,provides professional training from meta
678.639,and appy six course series covering
681.279,major platforms like Facebook Instagram
683.56,LinkedIn and YouTube and they've got
685.36,portfolio ready projects such as
686.8,creating social media pages and content
688.92,calendar
689.92,you also gain hands- on experience in
691.76,building ad campaigns with meta ads
693.8,manager also they have got optional
695.76,learning on generative AI tools for
697.68,advanced social media strategies so by
700.079,completing this course you will earn a
702.0,meta professional certificate and the
703.959,digital marketing Association
705.32,certificate showing your skills to
707.44,potential employers now rounding out our
709.839,list is the complete digital marketing
711.839,course by UD 12 comprehensive courses in
714.6,one covering everything from social
716.92,media marketing and SEO to email
718.92,marketing and analytics so they provide
721.68,22.5 hours of on demand video content 35
725.24,articles and eight downloadable
726.88,resources for continued learning gr
728.92,strategies and more also they have got
731.04,flexibility to learn on mobile and TV
733.56,and also at the end you'll get a
734.8,certificate of completion to Showcase
736.519,your expertise so this course is ideal
738.92,for those who want an all-in-one
740.639,solution to learning digital marketing
742.639,whether you are starting from scratch or
744.24,enhancing existing skills and that's a
746.519,wrap of our list of the top 10 digital
748.68,marketing certifications to boost your
750.56,career from foundational courses to
752.519,specialized certifications each of these
754.88,programs can help you stay competitive
756.76,and current in the fast evolving digital
758.8,landscape so remember investing in the
761.079,right training can open doors to
762.76,incredible opportunities and it's all
764.68,about finding the program that best fits
766.56,your goals and career path so if you
768.6,enjoy this video and found it helpful
770.959,make sure to hit that subscribe button
772.72,and give it a thumbs up see you in the
774.32,next video thanks for watching staying
776.76,ahead in your career requires continuous
779.6,learning and upscaling whether you're a
782.12,student aiming to learn today's top
784.32,skills or a working professional looking
787.32,to advance your career we've got you
790.079,covered explore our impressive catalog
793.12,of certification programs in Cutting
795.279,Edge domains including data science
798.16,cloud computing cyber security AI
801.399,machine learning or digital marketing
804.32,designed in collaboration with leading
806.639,universities and top corporations and
809.519,delivered by industry experts choose any
812.36,of our programs and set yourself on the
815.199,path to Career Success click the link in
818.24,the description to know
822.15,[Music]
824.079,more hi there if you like this video
826.76,subscribe to the simply learn YouTube
828.44,channel and click here to watch similar
831.079,videos to nerd up and get certified
833.279,click here
Title:,Top 10 Digital Marketing Certifications For 2025 | Digital Marketing Courses For 2025 | Simplilearn
